,$AttackIP,$DaysUnresolved,$Deliverables,$EntryEmail,$IncidentReported,$LogEntryType,$LogMessage,$LogTime
0, 164.8.32.87 (lookup),n/a,Yes,abuse@uni-mb.si,n/a,E-Mail Action: opened,Host has opened and viewed report,2018-04-26 00:39:56.319818-07
1, 34.194.166.118 (lookup),163,Yes,abuse@amazonaws.com,3,Abuse Report,Site Scanner (Tor Exit/Fake Google Referrer),2018-04-26 00:31:11.971748-07
2, 216.244.66.246 (lookup),182,Yes,abuse@wowrack.com,1,Abuse Report,MoZ Business Intelligence Crawler,2018-04-26 00:24:13.89233-07
3, 216.244.66.246 (lookup),182,Yes,abuse@wowrack.com,1,Abuse Report,MoZ Business Intelligence Crawler,2018-04-25 23:24:06.173886-07
4, 216.244.66.199 (lookup),182,Yes,abuse@wowrack.com,1,Abuse Report,MoZ Business Intelligence Crawler,2018-04-25 22:54:18.584813-07
5, 138.246.253.19 (lookup),n/a,Yes,pl-abuse@net.in.tum.de,n/a,E-Mail Action: opened,Host has opened and viewed report,2018-04-25 21:59:47.414128-07
6, 138.246.253.19 (lookup),169,Yes,"pl-abuse@net.in.tum.de, abuse@tu-muenchen.de, abuse@tum.de",2,Abuse Report,Orphan Malware Scanner,2018-04-25 21:59:23.572691-07
7, 216.244.66.199 (lookup),182,Yes,abuse@wowrack.com,1,Abuse Report,MoZ Business Intelligence Crawler,2018-04-25 21:47:00.995688-07
8, 195.34.150.18 (lookup),99,Yes,abuse@upc.at,1,Abuse Report,Orphan Malware Scanner,2018-04-25 21:38:16.681947-07
9, 216.244.66.246 (lookup),182,Yes,abuse@wowrack.com,1,Abuse Report,MoZ Business Intelligence Crawler,2018-04-25 21:26:02.803615-07
10, 45.117.238.94 (lookup),n/a,Yes,network@innet.com.my,n/a,E-Mail Action: opened,Host has opened and viewed report,2018-04-25 20:26:34.112393-07
11, 216.244.66.246 (lookup),182,Yes,abuse@wowrack.com,1,Abuse Report,MoZ Business Intelligence Crawler,2018-04-25 20:25:45.312971-07
12, 216.244.66.199 (lookup),182,Yes,abuse@wowrack.com,1,Abuse Report,MoZ Business Intelligence Crawler,2018-04-25 19:46:00.699787-07
13, 195.34.150.18 (lookup),99,Yes,abuse@upc.at,1,Abuse Report,Orphan Malware Scanner,2018-04-25 19:06:50.280087-07
14, 216.244.66.199 (lookup),182,Yes,abuse@wowrack.com,1,Abuse Report,MoZ Business Intelligence Crawler,2018-04-25 18:34:31.088622-07
15, 216.244.66.246 (lookup),182,Yes,abuse@wowrack.com,2,Abuse Report,MoZ Business Intelligence Crawler,2018-04-25 18:20:52.557889-07
16, 12.33.233.226 (lookup),n/a,Yes,quotes@airespring.com,n/a,E-Mail Action: opened,Host has opened and viewed report,2018-04-25 17:27:16.956535-07
17, 12.33.233.226 (lookup),45,Yes,quotes@airespring.com,1,Abuse Report,Orphan Malware Scanner,2018-04-25 17:25:11.352455-07
18, 216.244.66.246 (lookup),182,Yes,abuse@wowrack.com,1,Abuse Report,MoZ Business Intelligence Crawler,2018-04-25 17:20:41.139716-07
19, 216.244.66.201 (lookup),171,Yes,abuse@wowrack.com,1,Abuse Report,MoZ Business Intelligence Crawler,2018-04-25 16:44:07.839137-07
20, 216.244.66.199 (lookup),182,Yes,abuse@wowrack.com,1,Abuse Report,MoZ Business Intelligence Crawler,2018-04-25 16:38:14.328785-07
21, 34.194.166.118 (lookup),163,Yes,abuse@amazonaws.com,3,Abuse Report,Site Scanner (Tor Exit/Fake Google Referrer),2018-04-25 16:22:38.040577-07
22, 195.34.150.18 (lookup),99,Yes,abuse@upc.at,1,Abuse Report,Orphan Malware Scanner,2018-04-25 15:28:45.507485-07
23, 216.244.66.246 (lookup),182,Yes,abuse@wowrack.com,1,Abuse Report,MoZ Business Intelligence Crawler,2018-04-25 15:18:25.44248-07
24, 216.244.66.199 (lookup),182,Yes,abuse@wowrack.com,1,Abuse Report,MoZ Business Intelligence Crawler,2018-04-25 15:17:00.071536-07
25, 178.33.224.133 (lookup),182,Yes,abuse@ovh.net,4,Abuse Report,Orphan Malware Scanner,2018-04-25 15:09:06.898815-07
26, 195.34.150.18 (lookup),99,Yes,abuse@upc.at,1,Abuse Report,Orphan Malware Scanner,2018-04-25 14:28:26.350113-07
27, 216.244.66.246 (lookup),182,Yes,abuse@wowrack.com,1,Abuse Report,MoZ Business Intelligence Crawler,2018-04-25 14:13:02.406446-07
28, 195.34.150.18 (lookup),99,Yes,abuse@upc.at,1,Abuse Report,Orphan Malware Scanner,2018-04-25 13:28:09.166193-07
29, 216.244.66.199 (lookup),182,Yes,abuse@wowrack.com,1,Abuse Report,MoZ Business Intelligence Crawler,2018-04-25 13:27:47.540999-07
30, 216.244.66.246 (lookup),182,Yes,abuse@wowrack.com,1,Abuse Report,MoZ Business Intelligence Crawler,2018-04-25 12:23:28.697367-07
31, 216.244.66.201 (lookup),171,Yes,abuse@wowrack.com,1,Abuse Report,MoZ Business Intelligence Crawler,2018-04-25 11:56:56.578684-07
32, 138.246.253.19 (lookup),n/a,Yes,pl-abuse@net.in.tum.de,n/a,E-Mail Action: opened,Host has opened and viewed report,2018-04-25 11:49:49.743452-07
33, 138.246.253.19 (lookup),169,Yes,"pl-abuse@net.in.tum.de, abuse@tu-muenchen.de, abuse@tum.de",2,Abuse Report,Orphan Malware Scanner,2018-04-25 11:49:19.441805-07
34, 216.244.66.199 (lookup),182,Yes,abuse@wowrack.com,1,Abuse Report,MoZ Business Intelligence Crawler,2018-04-25 11:08:23.542322-07
35, 195.34.150.18 (lookup),99,Yes,abuse@upc.at,1,Abuse Report,Orphan Malware Scanner,2018-04-25 10:39:31.96203-07
36, 216.244.66.246 (lookup),182,Yes,abuse@wowrack.com,2,Abuse Report,MoZ Business Intelligence Crawler,2018-04-25 10:32:56.180637-07
37, 216.244.66.199 (lookup),182,Yes,abuse@wowrack.com,1,Abuse Report,MoZ Business Intelligence Crawler,2018-04-25 10:07:59.370908-07
38, 195.34.150.18 (lookup),99,Yes,abuse@upc.at,1,Abuse Report,Orphan Malware Scanner,2018-04-25 09:38:16.986969-07
39, 89.248.167.131 (lookup),160,Yes,"abuse@ecatel.info, abuse@shodan.io",1,Abuse Report,WordPress/Joomla Login Page Scanner Bot,2018-04-25 09:31:36.583622-07
40, 216.244.66.246 (lookup),182,Yes,abuse@wowrack.com,1,Abuse Report,MoZ Business Intelligence Crawler,2018-04-25 09:19:38.631111-07
41, 195.34.150.18 (lookup),99,Yes,abuse@upc.at,1,Abuse Report,Orphan Malware Scanner,2018-04-25 08:32:32.63581-07
42, 195.34.150.18 (lookup),99,Yes,abuse@upc.at,1,Abuse Report,Orphan Malware Scanner,2018-04-25 07:32:20.053658-07
43, 216.244.66.246 (lookup),182,Yes,abuse@wowrack.com,1,Abuse Report,MoZ Business Intelligence Crawler,2018-04-25 07:26:36.547237-07
44, 216.244.66.201 (lookup),171,Yes,abuse@wowrack.com,1,Abuse Report,MoZ Business Intelligence Crawler,2018-04-25 07:09:24.796832-07
45, 104.238.124.147 (lookup),n/a,Yes,abuse@godaddy.com,n/a,E-Mail Action: opened,Host has opened and viewed report,2018-04-25 07:05:27.566246-07
46, 104.238.124.147 (lookup),n/a,Yes,abuse@secureserver.net,n/a,E-Mail Action: opened,Host has opened and viewed report,2018-04-25 07:05:27.172711-07
47, 104.238.124.147 (lookup),22,Yes,"abuse@secureserver.net, abuse@godaddy.com",41,Abuse Report,Abusive network connectivity,2018-04-25 07:04:54.604291-07
48, 216.244.66.248 (lookup),155,Yes,abuse@wowrack.com,1,Abuse Report,MoZ Business Intelligence Crawler,2018-04-25 07:00:58.619939-07
,$AttackIP,$DaysUnresolved,$Deliverables,$EntryEmail,$IncidentReported,$LogEntryType,$LogMessage,$LogTime
0, 216.244.66.246 (lookup),181,Yes,abuse@wowrack.com,1,Abuse Report,MoZ Business Intelligence Crawler,2018-05-06 21:50:55.18855-07
1, 216.244.66.248 (lookup),166,Yes,abuse@wowrack.com,1,Abuse Report,MoZ Business Intelligence Crawler,2018-05-06 21:20:43.065519-07
2, 216.244.66.246 (lookup),181,Yes,abuse@wowrack.com,1,Abuse Report,MoZ Business Intelligence Crawler,2018-05-06 20:42:24.756592-07
3, 193.106.30.99 (lookup),173,Yes,abusemail@infiumhost.com,1,Abuse Report,Host banned due to SQL injection attempts,2018-05-06 20:29:18.736906-07
4, 216.244.66.199 (lookup),182,Yes,abuse@wowrack.com,1,Abuse Report,MoZ Business Intelligence Crawler,2018-05-06 20:07:43.761856-07
5, 216.244.66.199 (lookup),182,Yes,abuse@wowrack.com,1,Abuse Report,MoZ Business Intelligence Crawler,2018-05-06 18:52:48.201485-07
6, 216.244.66.246 (lookup),181,Yes,abuse@wowrack.com,1,Abuse Report,MoZ Business Intelligence Crawler,2018-05-06 18:50:12.169433-07
7, 193.106.30.99 (lookup),173,Yes,abusemail@infiumhost.com,1,Abuse Report,Host banned due to SQL injection attempts,2018-05-06 18:01:39.196829-07
8, 80.82.64.127 (lookup),55,No,abuse@ecatel.net,21,Abuse Report,Abusive network connectivity,2018-05-06 17:37:58.392706-07
9, 155.4.191.81 (lookup),<3,Yes,"abuse@bahnhof.net, abuse@bahnhof.se, ripe@bahnhof.se",68,Abuse Report,Abusive network connectivity,2018-05-06 17:33:38.301946-07
10, 216.244.66.246 (lookup),181,Yes,abuse@wowrack.com,2,Abuse Report,MoZ Business Intelligence Crawler,2018-05-06 17:21:42.573225-07
11, 216.244.66.199 (lookup),182,Yes,abuse@wowrack.com,1,Abuse Report,MoZ Business Intelligence Crawler,2018-05-06 16:58:24.829829-07
12, 80.82.64.127 (lookup),55,Yes,abuse@ecatel.net,20,Abuse Report,Abusive network connectivity,2018-05-06 16:37:35.511377-07
13, 155.4.191.81 (lookup),<3,Yes,"abuse@bahnhof.net, abuse@bahnhof.se, ripe@bahnhof.se",52,Abuse Report,Abusive network connectivity,2018-05-06 16:33:15.838812-07
14, 216.244.66.239 (lookup),170,Yes,abuse@wowrack.com,1,Abuse Report,MoZ Business Intelligence Crawler,2018-05-06 16:17:41.84907-07
15, 216.244.66.246 (lookup),181,Yes,abuse@wowrack.com,1,Abuse Report,MoZ Business Intelligence Crawler,2018-05-06 15:42:53.986508-07
16, 216.244.66.199 (lookup),182,Yes,abuse@wowrack.com,1,Abuse Report,MoZ Business Intelligence Crawler,2018-05-06 15:38:55.302677-07
17, 37.59.32.167 (lookup),176,Yes,"abuse@ovh.net, noc@ovh.net",4,Abuse Report,Orphan Malware Scanner,2018-05-06 15:09:34.489476-07
18, 193.106.30.99 (lookup),173,Yes,abusemail@infiumhost.com,1,Abuse Report,Host banned due to SQL injection attempts,2018-05-06 14:58:00.102977-07
19, 216.244.66.199 (lookup),182,Yes,abuse@wowrack.com,1,Abuse Report,MoZ Business Intelligence Crawler,2018-05-06 13:54:36.39485-07
20, 216.244.66.199 (lookup),182,Yes,abuse@wowrack.com,1,Abuse Report,MoZ Business Intelligence Crawler,2018-05-06 12:25:11.463263-07
21, 216.244.66.246 (lookup),181,Yes,abuse@wowrack.com,1,Abuse Report,MoZ Business Intelligence Crawler,2018-05-06 12:24:31.574725-07
22, 216.244.66.199 (lookup),182,Yes,abuse@wowrack.com,1,Abuse Report,MoZ Business Intelligence Crawler,2018-05-06 10:48:06.470694-07
23, 216.244.66.246 (lookup),181,Yes,abuse@wowrack.com,1,Abuse Report,MoZ Business Intelligence Crawler,2018-05-06 10:20:24.009898-07
24, 216.244.66.246 (lookup),181,Yes,abuse@wowrack.com,1,Abuse Report,MoZ Business Intelligence Crawler,2018-05-06 09:20:06.26171-07
25, 216.244.66.199 (lookup),182,Yes,abuse@wowrack.com,2,Abuse Report,MoZ Business Intelligence Crawler,2018-05-06 09:17:41.771494-07
26, 118.91.178.107 (lookup),<3,Yes,support@worldphone.in,51,Abuse Report,Abusive network connectivity,2018-05-06 09:14:43.042172-07
27, 73.158.127.66 (lookup),n/a,Yes,abuse@comcast.net,n/a,E-Mail Action: opened,Host has opened and viewed report,2018-05-06 08:06:40.665652-07
28, 73.158.127.66 (lookup),62,Yes,abuse@comcast.net,14,Abuse Report,Shellshock Exploiter Bot (shell malware Download and execute),2018-05-06 08:05:59.456269-07
29, 216.244.66.199 (lookup),182,Yes,abuse@wowrack.com,1,Abuse Report,MoZ Business Intelligence Crawler,2018-05-06 07:31:06.146744-07
30, 216.244.66.246 (lookup),181,Yes,abuse@wowrack.com,1,Abuse Report,MoZ Business Intelligence Crawler,2018-05-06 07:25:46.207895-07
31, 73.158.127.66 (lookup),n/a,Yes,abuse@comcast.net,n/a,E-Mail Action: opened,Host has opened and viewed report,2018-05-06 07:08:30.237693-07
32, 73.158.127.66 (lookup),62,Yes,abuse@comcast.net,5,Abuse Report,Shellshock Exploiter Bot (shell malware Download and execute),2018-05-06 07:05:56.816543-07
33, 216.244.66.246 (lookup),181,Yes,abuse@wowrack.com,1,Abuse Report,MoZ Business Intelligence Crawler,2018-05-06 06:25:36.617569-07
34, 216.244.66.199 (lookup),182,Yes,abuse@wowrack.com,1,Abuse Report,MoZ Business Intelligence Crawler,2018-05-06 06:14:17.866135-07
35, 193.106.30.99 (lookup),173,Yes,abusemail@infiumhost.com,1,Abuse Report,Host banned due to SQL injection attempts,2018-05-06 05:59:05.45333-07
36, 216.244.66.246 (lookup),181,Yes,abuse@wowrack.com,1,Abuse Report,MoZ Business Intelligence Crawler,2018-05-06 04:28:33.355766-07
37, 216.244.66.246 (lookup),181,Yes,abuse@wowrack.com,1,Abuse Report,MoZ Business Intelligence Crawler,2018-05-06 03:28:16.85309-07
38, 216.244.66.199 (lookup),182,Yes,abuse@wowrack.com,1,Abuse Report,MoZ Business Intelligence Crawler,2018-05-06 03:21:20.0026-07
39, 216.244.66.199 (lookup),182,Yes,abuse@wowrack.com,1,Abuse Report,MoZ Business Intelligence Crawler,2018-05-06 02:21:07.226952-07
40, 216.244.66.246 (lookup),181,Yes,abuse@wowrack.com,1,Abuse Report,MoZ Business Intelligence Crawler,2018-05-06 01:31:19.579261-07
41, 193.106.30.99 (lookup),173,Yes,abusemail@infiumhost.com,1,Abuse Report,Host banned due to SQL injection attempts,2018-05-06 00:58:12.003453-07
42, 216.244.66.246 (lookup),181,Yes,abuse@wowrack.com,1,Abuse Report,MoZ Business Intelligence Crawler,2018-05-06 00:31:17.806703-07
43, 216.244.66.199 (lookup),182,Yes,abuse@wowrack.com,1,Abuse Report,MoZ Business Intelligence Crawler,2018-05-06 00:16:38.976034-07
44, 216.244.66.201 (lookup),182,Yes,abuse@wowrack.com,1,Abuse Report,MoZ Business Intelligence Crawler,2018-05-06 00:04:55.988688-07
45, 216.244.66.248 (lookup),166,Yes,abuse@wowrack.com,1,Abuse Report,MoZ Business Intelligence Crawler,2018-05-05 23:17:35.01109-07
46, 216.244.66.199 (lookup),182,Yes,abuse@wowrack.com,1,Abuse Report,MoZ Business Intelligence Crawler,2018-05-05 23:16:30.103273-07
47, 193.106.30.99 (lookup),173,Yes,abusemail@infiumhost.com,1,Abuse Report,Host banned due to SQL injection attempts,2018-05-05 22:23:55.520586-07
,$AttackIP,$DaysUnresolved,$Deliverables,$EntryEmail,$IncidentReported,$LogEntryType,$LogMessage,$LogTime
0, 37.115.185.9 (lookup),<3,Yes,"hostmaster@kyivstar.net, abuse@kyivstar.net, noc@kyivstar.net",1,Abuse Report,Fake Referrer Log SPAM Bot,2018-05-10 20:00:59.374582-07
1, 46.229.168.81 (lookup),n/a,Yes,abuse@datawebglobalgroup.com,n/a,E-Mail Action: opened,Host has opened and viewed report,2018-05-10 19:51:04.681383-07
2, 46.229.168.81 (lookup),<3,Yes,abuse@datawebglobalgroup.com,1,Abuse Report,SemrushBot Intelligence Crawler,2018-05-10 19:50:40.018421-07
3, 218.75.37.18 (lookup),n/a,Yes,anti_spam@mail.hz.zj.cn,n/a,E-Mail Action: opened,Host has opened and viewed report,2018-05-10 19:45:56.448937-07
4, 218.75.37.18 (lookup),<3,Yes,anti_spam@mail.hz.zj.cn,256,Abuse Report,Abusive network connectivity,2018-05-10 19:44:24.873601-07
5, 115.236.33.146 (lookup),n/a,Yes,antispam@dcb.hz.zj.cn,n/a,E-Mail Action: opened,Host has opened and viewed report,2018-05-10 19:37:36.135024-07
6, 115.236.33.146 (lookup),<3,Yes,antispam@dcb.hz.zj.cn,506,Abuse Report,Abusive network connectivity,2018-05-10 19:36:01.565305-07
7, 216.163.176.52 (lookup),172,Yes,"netblock@commtouch.com,network@cyren.com,richard.giguere@cyren.com",2,Abuse Report,Orphan Malware Scanner,2018-05-10 19:21:47.797874-07
8, 40.115.124.127 (lookup),<3,Yes,abuse@microsoft.com,92,Abuse Report,Abusive network connectivity,2018-05-10 19:19:04.465165-07
9, 46.229.168.83 (lookup),n/a,Yes,abuse@datawebglobalgroup.com,n/a,E-Mail Action: opened,Host has opened and viewed report,2018-05-10 19:13:17.412749-07
10, 46.229.168.83 (lookup),<3,Yes,abuse@datawebglobalgroup.com,2,Abuse Report,SemrushBot Intelligence Crawler,2018-05-10 19:12:53.075735-07
11, 91.247.38.43 (lookup),<3,Yes,abuse@nline.net.ua,2,Abuse Report,Unidentified Intelligence Crawler,2018-05-10 19:04:46.209207-07
12, 218.75.37.18 (lookup),n/a,Yes,anti_spam@mail.hz.zj.cn,n/a,E-Mail Action: opened,Host has opened and viewed report,2018-05-10 18:45:37.216127-07
13, 218.75.37.18 (lookup),<3,Yes,anti_spam@mail.hz.zj.cn,43,Abuse Report,Abusive network connectivity,2018-05-10 18:44:08.438825-07
14, 115.236.33.146 (lookup),n/a,Yes,antispam@dcb.hz.zj.cn,n/a,E-Mail Action: opened,Host has opened and viewed report,2018-05-10 18:37:31.688613-07
15, 115.236.33.146 (lookup),<3,Yes,antispam@dcb.hz.zj.cn,29,Abuse Report,Abusive network connectivity,2018-05-10 18:35:50.530722-07
16, 46.118.114.175 (lookup),<3,Yes,"hostmaster@kyivstar.net, abuse@kyivstar.net, noc@kyivstar.net",1,Abuse Report,Fake Referrer Log SPAM Bot,2018-05-10 18:29:44.111912-07
17, 46.229.168.85 (lookup),n/a,Yes,abuse@datawebglobalgroup.com,n/a,E-Mail Action: opened,Host has opened and viewed report,2018-05-10 18:28:51.552707-07
18, 46.229.168.85 (lookup),<3,Yes,abuse@datawebglobalgroup.com,2,Abuse Report,SemrushBot Intelligence Crawler,2018-05-10 18:28:27.08697-07
19, 40.115.124.127 (lookup),<3,Yes,abuse@microsoft.com,102,Abuse Report,Abusive network connectivity,2018-05-10 18:18:58.459624-07
20, 46.229.168.83 (lookup),n/a,Yes,abuse@datawebglobalgroup.com,n/a,E-Mail Action: opened,Host has opened and viewed report,2018-05-10 18:13:10.139856-07
21, 46.229.168.83 (lookup),<3,Yes,abuse@datawebglobalgroup.com,1,Abuse Report,SemrushBot Intelligence Crawler,2018-05-10 18:12:44.202022-07
22, 91.64.124.119 (lookup),<3,No,abuse@kabeldeutschland.de,2,Abuse Report,Vulnerability Scan Bot,2018-05-10 18:08:34.277849-07
23, 91.64.124.119 (lookup),<3,No,abuse@kabeldeutschland.de,2,Abuse Report,Vulnerability Scan Bot,2018-05-10 18:06:20.051449-07
24, 91.247.38.43 (lookup),<3,Yes,abuse@nline.net.ua,1,Abuse Report,Unidentified Intelligence Crawler,2018-05-10 18:04:33.86704-07
25, 91.64.124.119 (lookup),<3,No,abuse@kabeldeutschland.de,2,Abuse Report,Vulnerability Scan Bot,2018-05-10 18:04:23.850517-07
26, 91.64.124.119 (lookup),<3,No,abuse@kabeldeutschland.de,2,Abuse Report,Vulnerability Scan Bot,2018-05-10 18:02:18.875701-07
27, 178.137.165.61 (lookup),<3,Yes,"hostmaster@kyivstar.net, abuse@kyivstar.net, noc@kyivstar.net",1,Abuse Report,Fake Referrer Log SPAM Bot,2018-05-10 18:02:07.298234-07
28, 91.64.124.119 (lookup),<3,No,abuse@kabeldeutschland.de,2,Abuse Report,Vulnerability Scan Bot,2018-05-10 17:58:29.865941-07
29, 91.64.124.119 (lookup),<3,No,abuse@kabeldeutschland.de,2,Abuse Report,Vulnerability Scan Bot,2018-05-10 17:56:49.292862-07
30, 91.64.124.119 (lookup),<3,No,abuse@kabeldeutschland.de,2,Abuse Report,Vulnerability Scan Bot,2018-05-10 17:54:33.652526-07
31, 91.64.124.119 (lookup),<3,No,abuse@kabeldeutschland.de,2,Abuse Report,Vulnerability Scan Bot,2018-05-10 17:52:53.102132-07
32, 91.64.124.119 (lookup),<3,No,abuse@kabeldeutschland.de,2,Abuse Report,Vulnerability Scan Bot,2018-05-10 17:50:38.702353-07
33, 91.64.124.119 (lookup),<3,No,abuse@kabeldeutschland.de,2,Abuse Report,Vulnerability Scan Bot,2018-05-10 17:48:52.146199-07
34, 91.64.124.119 (lookup),<3,No,abuse@kabeldeutschland.de,2,Abuse Report,Vulnerability Scan Bot,2018-05-10 17:46:36.690659-07
35, 91.64.124.119 (lookup),<3,No,abuse@kabeldeutschland.de,2,Abuse Report,Vulnerability Scan Bot,2018-05-10 17:44:52.032925-07
36, 91.64.124.119 (lookup),<3,No,abuse@kabeldeutschland.de,2,Abuse Report,Vulnerability Scan Bot,2018-05-10 17:42:37.463662-07
37, 91.64.124.119 (lookup),<3,No,abuse@kabeldeutschland.de,2,Abuse Report,Vulnerability Scan Bot,2018-05-10 17:40:20.980506-07
38, 91.64.124.119 (lookup),<3,No,abuse@kabeldeutschland.de,2,Abuse Report,Vulnerability Scan Bot,2018-05-10 17:38:36.066557-07
39, 91.64.124.119 (lookup),<3,No,abuse@kabeldeutschland.de,2,Abuse Report,Vulnerability Scan Bot,2018-05-10 17:36:19.100025-07
40, 91.64.124.119 (lookup),<3,No,abuse@kabeldeutschland.de,2,Abuse Report,Vulnerability Scan Bot,2018-05-10 17:34:38.812678-07
41, 91.64.124.119 (lookup),<3,No,abuse@kabeldeutschland.de,2,Abuse Report,Vulnerability Scan Bot,2018-05-10 17:32:23.349738-07
42, 91.64.124.119 (lookup),<3,No,abuse@kabeldeutschland.de,2,Abuse Report,Vulnerability Scan Bot,2018-05-10 17:30:42.052317-07
43, 46.229.168.85 (lookup),n/a,Yes,abuse@datawebglobalgroup.com,n/a,E-Mail Action: opened,Host has opened and viewed report,2018-05-10 17:28:39.40991-07
44, 91.64.124.119 (lookup),<3,No,abuse@kabeldeutschland.de,2,Abuse Report,Vulnerability Scan Bot,2018-05-10 17:28:28.775625-07
45, 46.229.168.85 (lookup),<3,Yes,abuse@datawebglobalgroup.com,1,Abuse Report,SemrushBot Intelligence Crawler,2018-05-10 17:28:15.760271-07
46, 91.64.124.119 (lookup),<3,No,abuse@kabeldeutschland.de,2,Abuse Report,Vulnerability Scan Bot,2018-05-10 17:26:21.912932-07
47, 91.64.124.119 (lookup),<3,No,abuse@kabeldeutschland.de,2,Abuse Report,Vulnerability Scan Bot,2018-05-10 17:24:14.848734-07
48, 91.64.124.119 (lookup),<3,No,abuse@kabeldeutschland.de,2,Abuse Report,Vulnerability Scan Bot,2018-05-10 17:22:40.252642-07
